{"cpu_time": 0.0, "wallclock_time": 0.0, "evaluations": 0, "cost": 2147483648, "incumbent": {"C": 1.0, "kernel": "poly", "shrinking": "true", "coef0": 0.0, "degree": 3, "gamma": "auto"}, "budget": 0, "origin": "Default"}
{"cpu_time": 0.015974760055541992, "wallclock_time": 0.019984722137451172, "evaluations": 1, "cost": 0.03333333333333344, "incumbent": {"C": 1.0, "kernel": "poly", "shrinking": "true", "coef0": 0.0, "degree": 3, "gamma": "auto"}, "budget": 0, "origin": "Default"}
{"cpu_time": 1.342754602432251, "wallclock_time": 5.512022495269775, "evaluations": 21, "cost": 0.019999999999999907, "incumbent": {"C": 10.514354950483812, "kernel": "poly", "shrinking": "true", "coef0": 0.011593658164135354, "degree": 1, "gamma": "auto"}, "budget": 0, "origin": "Local Search"}
{"cpu_time": 1.6752674579620361, "wallclock_time": 8.187703609466553, "evaluations": 34, "cost": 0.013333333333333308, "incumbent": {"C": 2.220243848753435, "kernel": "poly", "shrinking": "false", "coef0": 0.5780085215303683, "degree": 1, "gamma": "value", "gamma_value": 0.28530511972998784}, "budget": 0, "origin": "Local Search"}
