{"cpu_time": 0.0, "wallclock_time": 0.01795649528503418, "evaluations": 0, "cost": 2147483648, "incumbent": {"C": 500.0005, "kernel": "poly", "shrinking": "false", "coef0": 5.0, "degree": 3, "gamma": "value", "gamma_value": 4.00005}, "budget": 0, "origin": "Sobol"}
{"cpu_time": 0.352034330368042, "wallclock_time": 0.3739612102508545, "evaluations": 1, "cost": 0.07333333333333325, "incumbent": {"C": 500.0005, "kernel": "poly", "shrinking": "false", "coef0": 5.0, "degree": 3, "gamma": "value", "gamma_value": 4.00005}, "budget": 0, "origin": "Sobol"}
{"cpu_time": 0.3600502014160156, "wallclock_time": 0.3839690685272217, "evaluations": 2, "cost": 0.046666666666666634, "incumbent": {"C": 750.00025, "kernel": "rbf", "shrinking": "false", "gamma": "auto"}, "budget": 0, "origin": "Sobol"}
{"cpu_time": 0.39396095275878906, "wallclock_time": 0.42714691162109375, "evaluations": 6, "cost": 0.03333333333333344, "incumbent": {"C": 625.000375, "kernel": "linear", "shrinking": "true"}, "budget": 0, "origin": "Sobol"}
{"cpu_time": 5.9525837898254395, "wallclock_time": 64.2568998336792, "evaluations": 132, "cost": 0.026666666666666616, "incumbent": {"C": 7.743132549566543, "kernel": "linear", "shrinking": "false"}, "budget": 0, "origin": "Random Search (sorted)"}
{"cpu_time": 6.601945638656616, "wallclock_time": 81.28541827201843, "evaluations": 151, "cost": 0.013333333333333308, "incumbent": {"C": 0.7001418384766197, "kernel": "linear", "shrinking": "true"}, "budget": 0, "origin": "Random Search (sorted)"}
