{"cpu_time": 0.0, "wallclock_time": 0.0, "evaluations": 0, "cost": 2147483648, "incumbent": {"C": 1.0, "kernel": "poly", "shrinking": "true", "coef0": 0.0, "degree": 3, "gamma": "auto"}, "budget": 0, "origin": "Default"}
{"cpu_time": 0.016954660415649414, "wallclock_time": 0.0209197998046875, "evaluations": 1, "cost": 0.03333333333333344, "incumbent": {"C": 1.0, "kernel": "poly", "shrinking": "true", "coef0": 0.0, "degree": 3, "gamma": "auto"}, "budget": 0, "origin": "Default"}
{"cpu_time": 0.8045060634613037, "wallclock_time": 1.8677020072937012, "evaluations": 10, "cost": 0.026666666666666616, "incumbent": {"C": 12.914801673574129, "kernel": "poly", "shrinking": "true", "coef0": 0.11630419011383619, "degree": 1, "gamma": "auto"}, "budget": 0, "origin": "Random Search (sorted)"}
{"cpu_time": 3.0162606239318848, "wallclock_time": 14.475404977798462, "evaluations": 54, "cost": 0.019999999999999907, "incumbent": {"C": 19.320660993106, "kernel": "poly", "shrinking": "true", "coef0": 0.0035765130138787392, "degree": 1, "gamma": "auto"}, "budget": 0, "origin": "Local Search"}
{"cpu_time": 3.1738924980163574, "wallclock_time": 16.869467973709106, "evaluations": 60, "cost": 0.013333333333333308, "incumbent": {"C": 6.7953020332963, "kernel": "poly", "shrinking": "true", "coef0": 0.016112579021796004, "degree": 1, "gamma": "auto"}, "budget": 0, "origin": "Local Search"}
