{"cpu_time": 0.0, "wallclock_time": 0.0, "evaluations": 0, "cost": 2147483648, "incumbent": {"C": 1.0, "kernel": "poly", "shrinking": "true", "coef0": 0.0, "degree": 3, "gamma": "auto"}, "budget": 0, "origin": "Default"}
{"cpu_time": 0.015005826950073242, "wallclock_time": 0.017997026443481445, "evaluations": 1, "cost": 0.03333333333333344, "incumbent": {"C": 1.0, "kernel": "poly", "shrinking": "true", "coef0": 0.0, "degree": 3, "gamma": "auto"}, "budget": 0, "origin": "Default"}
{"cpu_time": 14.7383291721344, "wallclock_time": 69.08145666122437, "evaluations": 218, "cost": 0.026666666666666616, "incumbent": {"C": 801.1278773982756, "kernel": "poly", "shrinking": "false", "coef0": 0.9413618827551141, "degree": 2, "gamma": "value", "gamma_value": 0.003501967321357649}, "budget": 0, "origin": "Local Search"}
{"cpu_time": 15.014633655548096, "wallclock_time": 75.54915714263916, "evaluations": 240, "cost": 0.019999999999999907, "incumbent": {"C": 143.53591952837152, "kernel": "poly", "shrinking": "true", "coef0": 4.282641276500252, "degree": 2, "gamma": "value", "gamma_value": 0.0012107311108358616}, "budget": 0, "origin": "Local Search"}
{"cpu_time": 15.02866816520691, "wallclock_time": 76.31562376022339, "evaluations": 242, "cost": 0.013333333333333308, "incumbent": {"C": 68.78135846720012, "kernel": "poly", "shrinking": "false", "coef0": 0.30605125919643533, "degree": 2, "gamma": "value", "gamma_value": 0.009530148627668562}, "budget": 0, "origin": "Local Search"}
