{"cpu_time": 0.0, "wallclock_time": 0.018948078155517578, "evaluations": 0, "cost": 2147483648, "incumbent": {"C": 500.0005, "kernel": "poly", "shrinking": "false", "coef0": 5.0, "degree": 3, "gamma": "value", "gamma_value": 4.00005}, "budget": 0, "origin": "Sobol"}
{"cpu_time": 0.36423587799072266, "wallclock_time": 0.3871734142303467, "evaluations": 1, "cost": 0.07333333333333325, "incumbent": {"C": 500.0005, "kernel": "poly", "shrinking": "false", "coef0": 5.0, "degree": 3, "gamma": "value", "gamma_value": 4.00005}, "budget": 0, "origin": "Sobol"}
{"cpu_time": 0.3762044906616211, "wallclock_time": 0.40111756324768066, "evaluations": 2, "cost": 0.046666666666666634, "incumbent": {"C": 750.00025, "kernel": "rbf", "shrinking": "false", "gamma": "auto"}, "budget": 0, "origin": "Sobol"}
{"cpu_time": 0.41803526878356934, "wallclock_time": 0.45133423805236816, "evaluations": 6, "cost": 0.03333333333333344, "incumbent": {"C": 625.000375, "kernel": "linear", "shrinking": "true"}, "budget": 0, "origin": "Sobol"}
{"cpu_time": 5.4345619678497314, "wallclock_time": 40.87775111198425, "evaluations": 105, "cost": 0.019999999999999907, "incumbent": {"C": 1.8747864234554197, "kernel": "linear", "shrinking": "true"}, "budget": 0, "origin": "Random Search (sorted)"}
{"cpu_time": 5.449553728103638, "wallclock_time": 43.294363260269165, "evaluations": 107, "cost": 0.013333333333333308, "incumbent": {"C": 3.324001678294116, "kernel": "poly", "shrinking": "true", "coef0": 2.5517641165904434, "degree": 1, "gamma": "auto"}, "budget": 0, "origin": "Random Search (sorted)"}
{"cpu_time": 5.751801490783691, "wallclock_time": 64.52484560012817, "evaluations": 127, "cost": 0.006666666666666599, "incumbent": {"C": 3.405183546065502, "kernel": "poly", "shrinking": "true", "coef0": 3.260103662165425, "degree": 1, "gamma": "auto"}, "budget": 0, "origin": "Local Search"}
