{"cpu_time": 0.0, "wallclock_time": 0.021218538284301758, "evaluations": 0, "cost": 2147483648, "incumbent": {"C": 500.0005, "kernel": "poly", "shrinking": "false", "coef0": 5.0, "degree": 3, "gamma": "value", "gamma_value": 4.00005}, "budget": 0, "origin": "Sobol"}
{"cpu_time": 0.3869590759277344, "wallclock_time": 0.4111971855163574, "evaluations": 1, "cost": 0.07333333333333325, "incumbent": {"C": 500.0005, "kernel": "poly", "shrinking": "false", "coef0": 5.0, "degree": 3, "gamma": "value", "gamma_value": 4.00005}, "budget": 0, "origin": "Sobol"}
{"cpu_time": 0.39710092544555664, "wallclock_time": 0.42437148094177246, "evaluations": 2, "cost": 0.046666666666666634, "incumbent": {"C": 750.00025, "kernel": "rbf", "shrinking": "false", "gamma": "auto"}, "budget": 0, "origin": "Sobol"}
{"cpu_time": 0.44072961807250977, "wallclock_time": 0.47607922554016113, "evaluations": 6, "cost": 0.03333333333333344, "incumbent": {"C": 625.000375, "kernel": "linear", "shrinking": "true"}, "budget": 0, "origin": "Sobol"}
{"cpu_time": 5.685770750045776, "wallclock_time": 44.08285665512085, "evaluations": 95, "cost": 0.026666666666666616, "incumbent": {"C": 7.74626330168317, "kernel": "linear", "shrinking": "true"}, "budget": 0, "origin": "Random Search (sorted)"}
{"cpu_time": 6.1993608474731445, "wallclock_time": 59.23724961280823, "evaluations": 105, "cost": 0.019999999999999907, "incumbent": {"C": 4.929490180293236, "kernel": "poly", "shrinking": "true", "coef0": 3.1135519755680354, "degree": 1, "gamma": "auto"}, "budget": 0, "origin": "Random Search (sorted)"}
{"cpu_time": 6.205339670181274, "wallclock_time": 60.732157707214355, "evaluations": 106, "cost": 0.013333333333333308, "incumbent": {"C": 6.617757769367627, "kernel": "poly", "shrinking": "false", "coef0": 4.333614272585259, "degree": 1, "gamma": "auto"}, "budget": 0, "origin": "Random Search (sorted)"}
{"cpu_time": 16.392275094985962, "wallclock_time": 679.3367359638214, "evaluations": 488, "cost": 0.006666666666666599, "incumbent": {"C": 6.617757769367627, "kernel": "poly", "shrinking": "false", "coef0": 6.041903081218677, "degree": 1, "gamma": "value", "gamma_value": 0.12833113451451242}, "budget": 0, "origin": "Local Search"}
