{"cpu_time": 0.0, "wallclock_time": 0.016983747482299805, "evaluations": 0, "cost": 2147483648, "incumbent": {"C": 500.0005, "kernel": "poly", "shrinking": "false", "coef0": 5.0, "degree": 3, "gamma": "value", "gamma_value": 4.00005}, "budget": 0, "origin": "Sobol"}
{"cpu_time": 0.42055559158325195, "wallclock_time": 0.44252872467041016, "evaluations": 1, "cost": 0.07333333333333325, "incumbent": {"C": 500.0005, "kernel": "poly", "shrinking": "false", "coef0": 5.0, "degree": 3, "gamma": "value", "gamma_value": 4.00005}, "budget": 0, "origin": "Sobol"}
{"cpu_time": 0.4285600185394287, "wallclock_time": 0.45552825927734375, "evaluations": 2, "cost": 0.046666666666666634, "incumbent": {"C": 750.00025, "kernel": "rbf", "shrinking": "false", "gamma": "auto"}, "budget": 0, "origin": "Sobol"}
{"cpu_time": 0.48350977897644043, "wallclock_time": 0.5188515186309814, "evaluations": 6, "cost": 0.03333333333333344, "incumbent": {"C": 625.000375, "kernel": "linear", "shrinking": "true"}, "budget": 0, "origin": "Sobol"}
{"cpu_time": 10.41897177696228, "wallclock_time": 244.18222975730896, "evaluations": 231, "cost": 0.026666666666666616, "incumbent": {"C": 6.249682789725985, "kernel": "linear", "shrinking": "false"}, "budget": 0, "origin": "Random Search (sorted)"}
{"cpu_time": 10.44616174697876, "wallclock_time": 246.0449080467224, "evaluations": 233, "cost": 0.013333333333333308, "incumbent": {"C": 3.5332856073012215, "kernel": "poly", "shrinking": "true", "coef0": 4.105370001410007, "degree": 1, "gamma": "auto"}, "budget": 0, "origin": "Random Search (sorted)"}
