{"cpu_time": 0.0, "wallclock_time": 0.000993490219116211, "evaluations": 0, "cost": 2147483648, "incumbent": {"C": 1.0, "kernel": "poly", "shrinking": "true", "coef0": 0.0, "degree": 3, "gamma": "auto"}, "budget": 0, "origin": "Default"}
{"cpu_time": 0.015956878662109375, "wallclock_time": 0.018909692764282227, "evaluations": 1, "cost": 0.03333333333333344, "incumbent": {"C": 1.0, "kernel": "poly", "shrinking": "true", "coef0": 0.0, "degree": 3, "gamma": "auto"}, "budget": 0, "origin": "Default"}
{"cpu_time": 14.165101289749146, "wallclock_time": 72.70990705490112, "evaluations": 222, "cost": 0.026666666666666616, "incumbent": {"C": 250.32082832356247, "kernel": "poly", "shrinking": "false", "coef0": 0.4724117644312644, "degree": 2, "gamma": "value", "gamma_value": 0.011662835466696572}, "budget": 0, "origin": "Local Search"}
{"cpu_time": 16.197553396224976, "wallclock_time": 90.76935362815857, "evaluations": 272, "cost": 0.019999999999999907, "incumbent": {"C": 530.6300479386007, "kernel": "poly", "shrinking": "false", "coef0": 0.46249098063448535, "degree": 2, "gamma": "value", "gamma_value": 0.004388372460549765}, "budget": 0, "origin": "Local Search"}
{"cpu_time": 17.221352338790894, "wallclock_time": 100.75419449806213, "evaluations": 297, "cost": 0.013333333333333308, "incumbent": {"C": 555.2006089174452, "kernel": "poly", "shrinking": "false", "coef0": 0.09224138405076597, "degree": 2, "gamma": "value", "gamma_value": 0.0023501361492182333}, "budget": 0, "origin": "Local Search"}
