{"cpu_time": 0.0, "wallclock_time": 0.015980958938598633, "evaluations": 0, "cost": 2147483648, "incumbent": {"C": 500.0005, "kernel": "poly", "shrinking": "false", "coef0": 5.0, "degree": 3, "gamma": "value", "gamma_value": 4.00005}, "budget": 0, "origin": "Sobol"}
{"cpu_time": 0.333158016204834, "wallclock_time": 0.3531012535095215, "evaluations": 1, "cost": 0.07333333333333325, "incumbent": {"C": 500.0005, "kernel": "poly", "shrinking": "false", "coef0": 5.0, "degree": 3, "gamma": "value", "gamma_value": 4.00005}, "budget": 0, "origin": "Sobol"}
{"cpu_time": 0.34116172790527344, "wallclock_time": 0.3630518913269043, "evaluations": 2, "cost": 0.046666666666666634, "incumbent": {"C": 750.00025, "kernel": "rbf", "shrinking": "false", "gamma": "auto"}, "budget": 0, "origin": "Sobol"}
{"cpu_time": 0.37810373306274414, "wallclock_time": 0.4087052345275879, "evaluations": 6, "cost": 0.03333333333333344, "incumbent": {"C": 625.000375, "kernel": "linear", "shrinking": "true"}, "budget": 0, "origin": "Sobol"}
{"cpu_time": 5.132588863372803, "wallclock_time": 36.77389621734619, "evaluations": 99, "cost": 0.019999999999999907, "incumbent": {"C": 20.0493837829547, "kernel": "poly", "shrinking": "false", "coef0": 9.68084746424642, "degree": 1, "gamma": "auto"}, "budget": 0, "origin": "Random Search (sorted)"}
{"cpu_time": 5.1764976978302, "wallclock_time": 43.237754821777344, "evaluations": 105, "cost": 0.013333333333333308, "incumbent": {"C": 1.3753094033952815, "kernel": "poly", "shrinking": "true", "coef0": 9.706789343755347, "degree": 1, "gamma": "value", "gamma_value": 1.0}, "budget": 0, "origin": "Local Search"}
