{"cpu_time": 0.0, "wallclock_time": 0.0, "evaluations": 0, "cost": 2147483648, "incumbent": {"C": 1.0, "kernel": "poly", "shrinking": "true", "coef0": 0.0, "degree": 3, "gamma": "auto"}, "budget": 0, "origin": "Default"}
{"cpu_time": 0.013962984085083008, "wallclock_time": 0.017949819564819336, "evaluations": 1, "cost": 0.03333333333333344, "incumbent": {"C": 1.0, "kernel": "poly", "shrinking": "true", "coef0": 0.0, "degree": 3, "gamma": "auto"}, "budget": 0, "origin": "Default"}
{"cpu_time": 2.9753217697143555, "wallclock_time": 16.00924777984619, "evaluations": 65, "cost": 0.026666666666666616, "incumbent": {"C": 4.3405546052292685, "kernel": "linear", "shrinking": "true"}, "budget": 0, "origin": "Random Search (sorted)"}
{"cpu_time": 3.962153911590576, "wallclock_time": 25.13596773147583, "evaluations": 93, "cost": 0.013333333333333308, "incumbent": {"C": 2.0025977495112928, "kernel": "poly", "shrinking": "false", "coef0": 3.4421973925734, "degree": 1, "gamma": "auto"}, "budget": 0, "origin": "Local Search"}
