{"cpu_time": 0.0, "wallclock_time": 0.09731340408325195, "evaluations": 0, "cost": 2147483648, "incumbent": {"C": 500.0005, "kernel": "poly", "shrinking": "false", "coef0": 5.0, "degree": 3, "gamma": "value", "gamma_value": 4.00005}, "budget": 0, "origin": "Sobol"}
{"cpu_time": 0.9621090888977051, "wallclock_time": 1.0763764381408691, "evaluations": 1, "cost": 0.07333333333333325, "incumbent": {"C": 500.0005, "kernel": "poly", "shrinking": "false", "coef0": 5.0, "degree": 3, "gamma": "value", "gamma_value": 4.00005}, "budget": 0, "origin": "Sobol"}
{"cpu_time": 0.9932153224945068, "wallclock_time": 1.1140029430389404, "evaluations": 2, "cost": 0.046666666666666634, "incumbent": {"C": 750.00025, "kernel": "rbf", "shrinking": "false", "gamma": "auto"}, "budget": 0, "origin": "Sobol"}
{"cpu_time": 1.1187891960144043, "wallclock_time": 1.248542070388794, "evaluations": 6, "cost": 0.03333333333333344, "incumbent": {"C": 625.000375, "kernel": "linear", "shrinking": "true"}, "budget": 0, "origin": "Sobol"}
{"cpu_time": 7.835795879364014, "wallclock_time": 27.473692178726196, "evaluations": 86, "cost": 0.026666666666666616, "incumbent": {"C": 9.646347594203263, "kernel": "linear", "shrinking": "false"}, "budget": 0, "origin": "Random Search (sorted)"}
{"cpu_time": 7.846797943115234, "wallclock_time": 29.426164150238037, "evaluations": 87, "cost": 0.019999999999999907, "incumbent": {"C": 5.340462263352734, "kernel": "linear", "shrinking": "false"}, "budget": 0, "origin": "Random Search (sorted)"}
{"cpu_time": 7.897219896316528, "wallclock_time": 34.22636675834656, "evaluations": 91, "cost": 0.013333333333333308, "incumbent": {"C": 2.2909309676563803, "kernel": "poly", "shrinking": "false", "coef0": 4.35458492957459, "degree": 1, "gamma": "auto"}, "budget": 0, "origin": "Random Search (sorted)"}
{"cpu_time": 16.4085910320282, "wallclock_time": 590.2836351394653, "evaluations": 456, "cost": 0.006666666666666599, "incumbent": {"C": 3.3944788054692263, "kernel": "poly", "shrinking": "true", "coef0": 3.854092151601672, "degree": 1, "gamma": "auto"}, "budget": 0, "origin": "Local Search"}
