{"cpu_time": 0.0, "wallclock_time": 0.0, "evaluations": 0, "cost": 2147483648, "incumbent": {"C": 1.0, "kernel": "poly", "shrinking": "true", "coef0": 0.0, "degree": 3, "gamma": "auto"}, "budget": 0, "origin": "Default"}
{"cpu_time": 0.013965368270874023, "wallclock_time": 0.016955852508544922, "evaluations": 1, "cost": 0.03333333333333344, "incumbent": {"C": 1.0, "kernel": "poly", "shrinking": "true", "coef0": 0.0, "degree": 3, "gamma": "auto"}, "budget": 0, "origin": "Default"}
{"cpu_time": 5.2741804122924805, "wallclock_time": 28.197774648666382, "evaluations": 86, "cost": 0.026666666666666616, "incumbent": {"C": 3.9142091516489663, "kernel": "poly", "shrinking": "false", "coef0": 6.03067763075469, "degree": 1, "gamma": "value", "gamma_value": 0.8638061290238124}, "budget": 0, "origin": "Random Search (sorted)"}
{"cpu_time": 10.362716436386108, "wallclock_time": 73.10288286209106, "evaluations": 219, "cost": 0.019999999999999907, "incumbent": {"C": 4.796007486959017, "kernel": "rbf", "shrinking": "false", "gamma": "value", "gamma_value": 0.25304207960503167}, "budget": 0, "origin": "Local Search"}
{"cpu_time": 19.10447669029236, "wallclock_time": 138.77168917655945, "evaluations": 439, "cost": 0.013333333333333308, "incumbent": {"C": 3.5848937184910215, "kernel": "poly", "shrinking": "false", "coef0": 0.0, "degree": 1, "gamma": "value", "gamma_value": 0.21219501280956213}, "budget": 0, "origin": "Local Search"}
